-- 数据库导出 - 由export_db.py生成
-- 导出时间: 2025-03-18 18:39:21
-- 服务器版本: MySQL

SET NAMES utf8mb4;
SET FOREIGN_KEY_CHECKS = 0;

DROP DATABASE IF EXISTS `emotional_assistant`;
CREATE DATABASE `emotional_assistant` CHARACTER SET utf8mb4 COLLATE utf8mb4_unicode_ci;
USE `emotional_assistant`;

DROP TABLE IF EXISTS `alembic_version`;
CREATE TABLE `alembic_version` (
  `version_num` varchar(32) NOT NULL,
  PRIMARY KEY (`version_num`)
) ENGINE=InnoDB DEFAULT CHARSET=utf8mb4 COLLATE=utf8mb4_0900_ai_ci;

INSERT INTO `alembic_version` (`version_num`) VALUES
('9909f2a62122');

DROP TABLE IF EXISTS `aroma_products`;
CREATE TABLE `aroma_products` (
  `id` int NOT NULL AUTO_INCREMENT,
  `name` varchar(100) DEFAULT NULL,
  `description` text,
  `full_description` text,
  `image_url` varchar(200) DEFAULT NULL,
  `price` int DEFAULT NULL,
  `stock` int DEFAULT NULL,
  `rating` float DEFAULT NULL,
  `created_at` datetime DEFAULT (now()),
  `updated_at` datetime DEFAULT (now()),
  PRIMARY KEY (`id`),
  UNIQUE KEY `ix_aroma_products_name` (`name`)
) ENGINE=InnoDB AUTO_INCREMENT=49 DEFAULT CHARSET=utf8mb4 COLLATE=utf8mb4_0900_ai_ci;

INSERT INTO `aroma_products` (`id`, `name`, `description`, `full_description`, `image_url`, `price`, `stock`, `rating`, `created_at`, `updated_at`) VALUES
(6, '柑橘香氛蜡烛', '精心调配的香氛，能够帮助您放松身心，缓解压力。', '精心调配的香氛，能够帮助您放松身心，缓解压力。

主要香调: 柑橘香

成分: 植物蜡、香精、棉芯

持续时间: 长效(6小时以上)

对于提神情绪: 柑橘香有助于提神醒脑 适用场景: 工作中、学习时', 'https://www.diptyque-cn.com/media/catalog/product/d/i/diptyque-oyedo-candle-190g-oy1-1_1.jpg', 120, 100, 5.0, '2025-03-11 19:35:51', '2025-03-11 19:35:51'),
(7, '琥珀香氛蜡烛', '精致的香气能够提升您的心情，为您的家居空间增添一丝温馨。', '精致的香气能够提升您的心情，为您的家居空间增添一丝温馨。

主要香调: 柑橘香

成分: 植物蜡、香精、棉芯

持续时间: 中效(3-5小时)

对于放松情绪: 木质香有助于放松身心 适用场景: 压力大时、工作后

对于提神情绪: 柑橘香有助于提神醒脑 适用场景: 工作中、学习时', 'https://www.diptyque-cn.com/media/catalog/product/1/1/111111_1.png', 120, 100, 5.0, '2025-03-11 19:35:51', '2025-03-11 19:35:51'),
(8, '橙花香氛蜡烛', '精心调配的香氛，能够帮助您放松身心，缓解压力。', '精心调配的香氛，能够帮助您放松身心，缓解压力。

主要香调: 东方香

成分: 植物蜡、香精、棉芯

持续时间: 中效(3-5小时)

对于愉悦情绪: 花香有助于提升愉悦感 适用场景: 日常使用，心情低落时', 'https://www.diptyque-cn.com/media/catalog/product/d/i/diptyque-choisya-orange-blossom-candle-190g-cy1-1.jpg', 120, 100, 5.0, '2025-03-11 19:35:51', '2025-03-11 19:35:51'),
(9, '无花果香氛蜡烛', '淡雅的香气能够提神醒脑，帮助您保持专注和清醒。', '淡雅的香气能够提神醒脑，帮助您保持专注和清醒。

主要香调: 木质香

成分: 植物蜡、香精、棉芯

持续时间: 中效(3-5小时)

对于放松情绪: 木质香有助于放松身心 适用场景: 压力大时、工作后

对于温暖情绪: 果香有助于营造温暖氛围 适用场景: 寒冷天气、需要温馨氛围时', 'https://www.diptyque-cn.com/media/catalog/product/d/i/diptyque-figuier-fig-tree-candle-190g-fi1-1.jpg', 120, 100, 5.0, '2025-03-11 19:35:51', '2025-03-11 19:35:51'),
(10, '薰衣草

香氛蜡烛', '独特的香调组合，让您的居室充满活力与温暖。', '独特的香调组合，让您的居室充满活力与温暖。

主要香调: 木质香

成分: 植物蜡、香精、棉芯

持续时间: 中效(3-5小时)

对于放松情绪: 木质香有助于放松身心 适用场景: 压力大时、工作后

对于安抚情绪: 薰衣草香有助于安抚情绪 适用场景: 焦虑时、睡前', 'https://www.diptyque-cn.com/media/catalog/product/3/3/33333_8.png', 120, 100, 5.0, '2025-03-11 19:35:51', '2025-03-11 19:35:51'),
(11, '茉莉与金盏花香氛蜡烛', '100%纯天然茉莉花精油，采用蒸馏提取工艺，保留了茉莉花的天然芳香成分。具有舒缓情绪、提升愉悦感的功效。', '100%纯天然茉莉花精油，采用蒸馏提取工艺，保留了茉莉花的天然芳香成分。具有舒缓情绪、提升愉悦感的功效。

主要香调: 花香

成分: 茉莉花

持续时间: 中效(3-5小时)

对于抑郁情绪: 茉莉花精油中的芳香成分能够帮助缓解抑郁情绪，带来愉悦感 适用场景: 情绪低落时、压力大时

对于焦虑情绪: 茉莉花精油有助于缓解焦虑情绪，带来平静感 适用场景: 压力大时、紧张时', 'https://www.jomalone.com.cn/media/export/cms/products/1000x1000/jo_sku_LF9501_1000x1000_0.png', 80, 100, 5.0, '2025-03-11 19:35:51', '2025-03-11 19:35:51'),
(17, '柚子香氛蜡烛', '闪耀清新的香调拉开香氛的序幕，弥散出微苦却极具辨识度的清爽气息。, 与清爽的薰衣草、樟脑与薄荷融合为香氛打造剔透芬芳。, 翠绿的青苔以泥土气息与木本温暖为香氛烘托收尾。', '来自西班牙海岸的西柚树林。迷迭香、薄荷与甘椒为 西柚的明亮灿烂增添完美俏皮， 令人精神振奋，神清气爽。', 'https://www.jomalone.com/media/export/cms/products/1000x1000/jo_sku_L03E01_1000x1000_0.png', 241, 100, 4.37289, '2025-03-12 15:16:03', '2025-03-18 18:26:49'),
(18, '杏桃花与蜂蜜香氛蜡烛', '多汁而成熟，为香氛增添些许爽脆之感。, 可口的蜜香为氤氲香气注入蜜蜡与鲜花的丝滑甜美。, 甘醇多汁的香气中弥散出缜密柔软的芬芳。', '伦敦科文特花园的早市上，饱满的杏、诱人的桃、 多汁的黑醋栗，交织着春花的香气，融化在刺槐蜜的温暖 之中。甜蜜愉悦，趣意盎然。', 'https://www.jomalone.com/media/export/cms/products/1000x1000/jo_sku_L0YF01_1000x1000_0.png', 213, 100, 4.59775, '2025-03-12 15:16:03', '2025-03-18 18:26:49'),
(19, '青柠罗勒与柑橘香氛蜡烛', '明媚而微酸的柑橘搭配清爽的青柠，营造动感、清新的前调。, 罗勒的温暖草本气息，夹着一丝胡椒的辛香，为活力的柑橘调带来惊喜转折。, 温暖的木质香调，为香氛增加一丝深度，气场十足，令人心生爱慕。', '祖·玛珑的经典香氛。罗勒的辛香与芳香四溢的白色百里香为青柠增添奇妙的变调，宛如加勒比海的微风，堪称现代经典。', 'https://www.jomalone.com/media/export/cms/products/1000x1000/jo_sku_L0W201_1000x1000_0.png', 429, 100, 4.28209, '2025-03-12 15:16:03', '2025-03-18 18:26:49'),
(22, '末药与冬加豆馥郁香氛蜡烛', '与樟树油、蜂蜜与干草的清爽气息相互交织，孕育出令人倾心的芬芳, 中调的末药树脂是感性和醇厚的。, 而循循诱人的冬加豆，带来精致又温润之感。', '大漠孤烟，长河落日 牧歌悠扬的纳米比亚沙漠广袤无垠 传承数世纪古法采撷的末药树树脂芳香神秘 香草与愈创木的木质气息交织着杏仁的温暖耳语 冬加豆与愈创木更添令人上瘾的悠长醇香 高贵感性，神醉心往', 'https://www.jomalone.com.cn/media/export/cms/products/1000x1000/jo_sku_LJ3101_1000x1000_0.png', 279, 100, 4.08745, '2025-03-12 15:16:03', '2025-03-18 18:26:49'),
(23, '丝绒玫瑰与乌木香氛蜡烛', '佛手柑的清新气息使前调明媚而又澄澈, 雪松木温暖的木质香调，则使香味更加深沉迷人, 神秘而又富有质感的沉香木树脂香气，使香氛神秘而魅力十足', '珍贵沉香，全新演绎。备受尊崇的木香在烟熏气息中透出神秘之感，这亦是中东传统香氛的核心所在，利落而澄澈的佛手柑香气于其间萦绕。微醺、诱人。', 'https://www.jomalone.com.cn/media/export/cms/products/1000x1000/jo_sku_LJ2Y01_1000x1000_0.png', 349, 100, 4.21293, '2025-03-12 15:16:03', '2025-03-18 18:26:49'),
(24, '晚香玉与天使草香水', '天使草略带辛辣而富有层次的草本气息，使前调充满精致华贵质感。, 奢华馥郁的晚香玉带来无与伦比的华贵质感，芳香撩人，不失典雅，令人着迷。, 温暖的木质香调，为香氛增加一丝深度，气场十足，令人心生爱慕。', '白花女王晚香玉，诱惑天成。 由天使草的绿意辛香清新开启， 温暖醇厚的琥珀木更显深度。 雍容华贵却又气场十足。', 'https://www.jomalone.com.cn/media/export/cms/products/1000x1000/jo_sku_LGX401_1000x1000_0.png', 492, 100, 4.83763, '2025-03-12 15:16:03', '2025-03-18 18:26:49'),
(25, '丝绒玫瑰与乌木古龙水', '前调满溢出丁香的辛香温暖，一缕入魂摄魄。, 采撷晨曦之中的大马士革玫瑰，花香馥郁饱满，引人沉沦, 深沉慵懒的沉香木气息，辅以果仁糖的甜蜜，尽显颓靡之美', '浓墨重彩的大马士革玫瑰。馥郁而颇具质感，在沉香木的烟熏香气中层层铺展。极致的丁香芬芳过后，果仁糖的香气令人难以自拔。磁石般的吸引。', 'https://www.jomalone.com/media/export/cms/products/1000x1000/jo_sku_LGX501_1000x1000_0.png', 263, 100, 4.88619, '2025-03-12 15:16:03', '2025-03-18 18:26:49'),
(26, '黑琥珀与姜百合香氛蜡烛', '温暖芳香的烟熏香调，在姜的清新味道下，散发出性感诱人的气息。, 稀有的黑色兰花拥有深沉馥郁的质地，丰盈的睡莲和茉莉更令回味悠长。, 稀有的枷罗木焚香混合黑琥珀的温暖，令香氛增添与众不同的不凡的气息。', '珍稀伽罗木。日本鉴香艺术的巅峰——香道仪式的核心。洋溢着琥珀与黑兰的芬芳。棕豆蔻、姜与睡莲的纯净气息萦绕弥散。舒缓身心。', 'https://www.jomalone.com.cn/media/export/cms/products/1000x1000/jo_sku_LJ3201_1000x1000_0.png', 317, 100, 4.08521, '2025-03-12 15:16:03', '2025-03-18 18:26:49'),
(27, '香根草与香子兰香水', '辛香中透着淡淡的柠檬清凉，就像一束光芒点亮中调温暖的花香。, 香根草尽释神秘的土壤气息使香味深沉馥郁，沁人心脾, 温暖感性的香子兰烘托收尾为香氛带来萦绕不散的暖意', '深沉静谧的香根草邂逅明媚温暖的香子兰 创新呈现令人沉溺的东方木质香调 宛若春临大地，万物复苏', 'https://www.jomalone.com.cn/media/export/cms/products/1000x1000/jo_sku_LH3301_1000x1000_0.png', 306, 100, 4.08614, '2025-03-12 15:16:03', '2025-03-18 18:26:49'),
(28, '绯红虞美人香水', '其质茧状、粉状效果在前调中很少见，并且与香味中的其他香调很好地协调。, 性感的花香调和大胆的花朵，为香味的中心带来丰富的强度。, 零陵香豆以杏仁、香草和烟草的味道为香味带来温暖，增添了更多的气息。', '东方虞美人自顾怒放 颠覆传统美食调 轻触肌肤后 浓烈馥香相拥苏醒 层叠碰撞 裹挟鸢尾烟雾与粗砺木质 穿透猩红迷雾 才能目睹魅惑真容', 'https://www.jomalone.com.cn/media/export/cms/products/1000x1000/jo_sku_LHG101_1000x1000_0.png', 401, 100, 4.78681, '2025-03-12 15:16:03', '2025-03-18 18:26:49'),
(29, '英国梨与小苍兰香氛蜡烛', '略带水汽的清透果香清甜不腻, 斑斓甜意隐隐而出与花香绵延升空, 似灿金色日光下的果园柔和而欢欣', '金灿日光下，初熟英国梨邂逅灵动香豌豆 梨与花的奇妙组合，蔓延无限生机 当阵阵轻盈香气在菱格纹瓶中涌动扩散 凌凌波光随着香气，不断变幻折射万千英伦奇想与浪漫新生', 'https://www.jomalone.com.cn/media/export/cms/products/1000x1000/jo_sku_L2A601_1000x1000_0.png', 243, 100, 4.30533, '2025-03-12 15:16:03', '2025-03-18 18:26:49'),
(30, '英国梨与小苍兰香水', '非同寻常的创新成分，芳醇的果香无比清新，多汁之感令香型倍显饱满。, 纯正英伦格调，清爽的白色小苍兰为中调注入细腻而独特的芬芳。, 感性而深沉的木香令整体香氛历久弥新。', '秋日精髓。初熟秋梨的感性清爽包围在 白色苍兰花束中，又因琥珀、广藿香和 木香而愈加芳醇，甜美金灿。', 'https://www.jomalone.com.cn/media/export/cms/products/1000x1000/jo_sku_L26L01_1000x1000_0.png', 276, 100, 4.23592, '2025-03-12 15:16:03', '2025-03-18 18:26:49'),
(31, '无垢木与雪松香水', '青苔芳香糅合肉桂香如初入林中,在青苔上留下一串湿漉漉的脚印, 桧木在丁香和英国薰衣草的衬托下,木香愈显,散发出原生的纯净气息, 雪松摇曳,捎来广藿香与冬加豆的气息,自然对生命力的包容滋养纷呈眼前', '寻至日本青森之地，汲取日式森林浴的净化灵感 洗练出最原生无雕饰的纯质森林气息 让囿于都市的灵魂随时从纷扰中转身 心愈一场林间的净化徒步', 'https://www.jomalone.com.cn/media/export/cms/products/1000x1000/jo_sku_LKMJ01_1000x1000_0.png', 401, 100, 4.26009, '2025-03-12 15:16:03', '2025-03-18 18:26:49'),
(32, '伯爵茶与小黄瓜香水', '佛手柑的清新气息使前调明媚而又澄澈, 清凉、碧绿、略带脆嫩之感的香调洋溢着清新而多汁的气息。, 深厚、馥郁，蜂蜜的香甜与淡淡的烟草味赋予香氛优雅甜蜜。', '英伦传统的下午茶。香氛散发着伯爵茶独有的佛手柑 香气与多汁脆嫩的黄瓜带来的清爽气息，与蜜蜡、 香草和麝香的甜蜜巧妙糅合。活力四射、格调优雅。', 'https://www.jomalone.com.cn/media/export/cms/products/1000x1000/jo_sku_L38L01_1000x1000_0.png', 211, 100, 4.85584, '2025-03-12 15:16:03', '2025-03-18 18:26:49'),
(33, '蓝风铃香氛蜡烛', '清新野花香调，辅以绿叶的青翠、丁香花蕾的甜蜜，与细腻的朝露气息, 散发乳香的蜜桃香，清纯且透出诱人甜蜜。, 粉质纯净，烘托收尾，为香氛带来萦绕不散的柔软气息。', '充满活力的蓝色花蕾盛开在阴凉林地间。点缀露珠的蓝风铃甜蜜娇弱，遍布在铃兰与蔷薇之间，更流露出柿子的甜美气息，令人如痴如醉。', 'https://www.jomalone.com.cn/media/export/cms/products/1000x1000/jo_sku_L93101_1000x1000_0.png', 224, 100, 4.36616, '2025-03-12 15:16:03', '2025-03-18 18:26:49'),
(34, '野浆果与树莓香氛蜡烛', '多汁气息扑面而来，天然黑加仑嫩芽为香氛带来微酸的果香，布枯树精油营造出黑莓叶的脆嫩碧绿与生机勃勃之感。, 白松香的天然芬芳，为香氛带来植物的明媚气息与翠绿逼人。, 醇厚的木质气息，令人为之一振，为香氛奠定层次丰富的基调。', '童年时采摘黑莓的美好回忆。深邃酸涩的黑莓果汁，融合初摘的月桂和多刺木香的清新，生动青翠。', 'https://www.jomalone.com.cn/media/export/cms/products/1000x1000/jo_sku_LCK601_1000x1000_0.png', 74, 100, 4.23872, '2025-03-12 15:16:03', '2025-03-18 18:26:49'),
(35, '牡丹与胭红麂绒香氛蜡烛', '爽脆利落，多汁的苹果香令人垂涎不已，纯粹的果香奏响香氛的序章。, 精致花香中交织着娇嫩玫瑰与蜂蜜的香气，亦不乏细腻碧绿的清新感。牡丹的芬芳层层弥散，宛如绽放。, 饱满质感，完美衬托牡丹的馥郁花香，为香氛增添撩人魅惑。', '魅力精髓。盛放的牡丹，精致而娇嫩。多汁的红苹果香气 与剔透的茉莉、玫瑰、紫罗兰芬芳分外撩人。 柔软胭红麂绒的感官气息交织其间。奢华、诱人。', 'https://www.jomalone.com.cn/media/export/cms/products/1000x1000/jo_sku_L3AG01_1000x1000_0.png', 314, 100, 4.8908, '2025-03-12 15:16:03', '2025-03-18 18:26:49'),
(36, '鼠尾草与海盐香氛蜡烛', '珍贵的黄葵籽，带来层次分明的青翠香气, 如一阵海风掺着咸咸的雾气，糅合了砂粒与岩石特有的矿物质感。, 带着泥土气息的鼠尾草与愈创木所构成的本木香调，仿佛英国海岸独特的浮木气味，带来奇趣多变的嗅觉体验。', '仿若置身于海风习习的海岸。海浪翻卷出细碎白色泡沫，空气中弥漫海盐和水花的清新。悬崖上独有的天然矿物香调，糅合着鼠尾草的木质大地芬芳。自由、活力、纵情畅享。', 'https://www.jomalone.com.cn/media/export/cms/products/1000x1000/jo_sku_LH0M01_1000x1000_0.png', 206, 100, 4.57716, '2025-03-12 15:16:03', '2025-03-18 18:26:49'),
(37, '含羞草与小豆蔻香水', '辛香中透着淡淡的柠檬清凉，就像一束光芒点亮中调温暖的花香。, 金黄的含羞草，温暖甜美，粉香四溢，如同冬日暖阳。, 而循循诱人的冬加豆，带来精致又温润之感。', '甜美、和煦的含羞草迷雾飘散，新鲜压榨的豆蔻辛辣清香若隐若现。在细腻的天芥菜和拂晓采摘的大马士革蔷薇的掩映下，柔滑的香豆与醇柔的檀香交织。温暖、轻盈而迷醉。', 'https://www.jomalone.com.cn/media/export/cms/products/1000x1000/jo_sku_L51C01_1000x1000_0.png', 495, 100, 4.11151, '2025-03-12 15:16:03', '2025-03-18 18:26:49'),
(38, '罗勒与橙花香水', '罗勒的温暖草本气息，夹着一丝胡椒的辛香，为活力的柑橘调带来惊喜转折。, 闪耀的花香调，奏响甘苦交织的剔透香氛序曲。, 粉质纯净，烘托收尾，为香氛带来萦绕不散的柔软气息。', '游走伦敦街头，轻率恣意，妙趣无穷。 橙花的花香气息挑逗着感官，罗勒的绿意香气不安分地若隐若现。经典的英伦气质中，流露着不羁个性。清新、跃动、充满冒险 。', 'https://www.jomalone.com.cn/media/export/cms/products/1000x1000/jo_sku_L5NH01_1000x1000_0.png', 92, 100, 4.46793, '2025-03-12 15:16:03', '2025-03-18 18:26:49'),
(39, '英国橡树与榛子香水', '一种绿色的音符，能在香味中产生清新和坚果的感觉。, 醇厚的木质气息，令人为之一振，为香氛奠定层次丰富的基调。, 历经烘烤的橡木散发温暖而引入入胜的木质气息，令人难以抗拒。', '被奇妙的声音吸引，于森林中游走，青色的榛子散落在满地落叶之间，随着脚步劈啪作响，香根草的本质芬芳混杂着苔藓的阴冷潮湿感，与橡木的温暖气息完美融合，温暖、稳重、直击人心。', 'https://www.jomalone.com.cn/media/export/cms/products/1000x1000/jo_sku_L6TF01_1000x1000_0.png', 59, 100, 4.72489, '2025-03-12 15:16:03', '2025-03-18 18:26:49'),
(40, '玫瑰与白麝香纯香香水', '玫瑰精油、玫瑰净油和玫瑰水三种原料共同作为中调包含了玫瑰成分中的不同特点三者结合呈现出更为完整而馥郁的玫瑰香气, 粉质纯净，烘托收尾，为香氛带来萦绕不散的柔软气息。', '蕴含玫瑰成分中的不同特点呈现完整馥郁的玫瑰香气以干净清澈的白麝香为主令整体香氛后调愈发通透温暖', 'https://www.jomalone.com.cn/media/export/cms/products/1000x1000/jo_sku_L6NM01_1000x1000_0.png', 348, 100, 4.19117, '2025-03-12 15:16:03', '2025-03-18 18:26:49'),
(41, '忍冬与印蒿香水', '跃动的绿意交织印蒿的异域果香 娓娓道出一丝香甜明媚, 忍冬花的芳香融化在蜂蜜丝滑微甜中闪烁熠熠光芒, 苔藓与广藿香的木质香调温暖收尾 增添悠长余味', '静放幽香的忍冬花，还原英伦乡间的本真气息玫瑰与桂花的鲜香交织蜂蜜的甜美在木质基调的拥抱中，散发四射光芒', 'https://www.jomalone.com.cn/media/export/cms/products/1000x1000/jo_sku_L7JL01_1000x1000_0.png', 370, 100, 4.56506, '2025-03-12 15:16:03', '2025-03-18 18:26:49'),
(42, '紫罗兰与琥珀纯香香水', '柔软的紫罗兰叶结合温暖且带有粉质气息的紫罗兰花营造了生动而又优雅的动人前调, 木质香调的温暖层层萦绕，低调渲染感性魅力。', '紫罗兰叶结合粉质气息的花瓣，营造生动优雅的动人中。乌木、白麝香将琥珀的温润与醇厚交融，烘托温暖尾调，令香氛更持久。探索纯香系列', 'https://www.jomalone.com.cn/media/export/cms/products/1000x1000/jo_sku_L6NN01_1000x1000_0.png', 215, 100, 4.15369, '2025-03-12 15:16:03', '2025-03-18 18:26:49'),
(43, '虞美人与大麦香水', '"多汁而成熟，为香氛增添些许爽脆之感", "风中漫舞的红色虞美人，为中调带来一抹绿意花香", "大麦的醇厚谷香和白麝香交织其间尽情勾勒出温暖迷人的悠远余味"', '黑醋栗的香气飘散在田野间，奠定清爽的前调 红色虞美人在玫瑰掩映之中，注入生动醉人的诱惑 大麦的温暖芬芳和白麝香交缠，糅合出灿烂香气', 'https://www.jomalone.com.cn/media/export/cms/products/1000x1000/jo_sku_LA0001_1000x1000_0.png', 63, 100, 4.87811, '2025-03-12 15:16:03', '2025-03-18 18:26:49'),
(44, '威士忌与雪松香水', '辛辣性感的西班牙干椒搭配微醺威士忌给人充满诱惑力的挑逗 像一件精工打造的传统西服套装, 一杯香气丰富的上乘威士忌与一捧瑰丽多姿的甜美玫瑰, 雪松木温暖的木质香调，则使香味更加深沉迷人', '一杯香气丰富的上乘威士忌与一捧瑰丽多姿的甜美玫瑰 环绕辛辣甘椒，温暖杜松，和一抹上过蜡木地板的迷人气息 神秘至醇，辛香迷醉 最彰显性感魅力的香氛 辛辣性感的西班牙干椒搭配微醺威士忌给人充满诱惑力的挑逗 像一件精工打造的传统西服套装 是来自萨维尔街最为经典的街头型格 也是伦敦绅士的经典诠释', 'https://www.jomalone.com.cn/media/export/cms/products/1000x1000/jo_sku_LAPC01_1000x1000_0.png', 151, 100, 4.81096, '2025-03-12 15:16:03', '2025-03-18 18:26:49'),
(45, '桦木与黑胡椒古龙水', '闪耀清新的香调拉开香氛的序幕，弥散出微苦却极具辨识度的清爽气息。, 柔软新鲜的花香中带着青翠果香，赋予香醇的芬芳。, 它清凉，木质特点使其前调充满魅力，余味悠长', '以鲜明对比碰撞绝妙演绎现代英伦遵循经典传统的同时 闪耀着朋克的叛逆气质黑胡椒和小豆蔻的酷辣辛香 层叠烟熏桦树的木本气息却在性感墨香与温暖古芸中完美融合 摩登大胆，个性张扬 张扬而叛逆，最为不羁的型格 烟熏的桦树和具有书墨气息的古芸香形成鲜明的对比 宛如一件身着多年的机车皮衣 闪耀着朋克的叛逆气质', 'https://www.jomalone.com/media/export/cms/products/1000x1000/jo_sku_LAPE01_1000x1000_0.png', 64, 100, 4.79828, '2025-03-12 15:16:03', '2025-03-18 18:26:49'),
(46, '琥珀与广藿香古龙水', '辛香的芫荽包裹在神秘的芳香琥珀中 身穿一件低调奢华的高定礼服 定格在晚宴中随音乐起舞的高光时刻, 诱人的烟熏木香交织萦绕，散发魅惑气息。, 木质香调的温暖层层萦绕，低调渲染感性魅力。', '颓废的夜晚，包裹在感性的琥珀里 搭配了深沉的广藿香，以及愈创木诱人的烟熏气质 仿佛手指轻轻抚摸丝绒的质地，柔软而又诱人 最显神秘优雅气质的男香 辛香的芫荽包裹在神秘的芳香琥珀中 身穿一件低调奢华的高定礼服 定格在晚宴中随音乐起舞的高光时刻', 'https://www.jomalone.com/media/export/cms/products/1000x1000/jo_sku_LAPF01_1000x1000_0.png', 321, 100, 4.47144, '2025-03-12 15:16:03', '2025-03-18 18:26:49'),
(47, '阿萨姆 & 葡萄柚古龙水', '闪耀清新的香调拉开香氛的序幕，弥散出微苦却极具辨识度的清爽气息。, 一杯清茶带来的活力与浓郁，搭配爽朗的葡萄柚 阿萨姆红茶的独特音香气在空气中舒展, 感性而深沉的木香令整体香氛历久弥新。', '一杯清茶带来的活力与浓郁，搭配爽朗的葡萄柚 阿萨姆红茶的独特音香气在空气中舒展 马黛茶的草本气味混合着辛辣的小豆蔻和广藿香的温暖 最包容并蓄的温柔香气 同时兼具极冷的柚子和极暖的茶香 完美的交融互补 是清晨醒来身着的丝质薄衫 从未喧宾夺主，却温柔满溢', 'https://www.jomalone.com/media/export/cms/products/1000x1000/jo_sku_LAPG01_1000x1000_0.png', 429, 100, 4.10159, '2025-03-12 15:16:03', '2025-03-18 18:26:49'),
(48, '栀子花与乌木精油', '柔滑、阳光般的花香调，给香水的中调带来明亮的白色花束的香味。, 深沉慵懒的沉香木气息，辅以果仁糖的甜蜜，尽显颓靡之美', '栀子花释放出纯澈清香 乌木与白麝香的东方气息捎来暖意 为清新明亮的花香增添奇妙变调 令整体香调愈发温暖通透', 'https://www.jomalone.com/media/export/cms/products/1000x1000/jo_sku_L6NP01_1000x1000_0.png', 181, 100, 4.4729, '2025-03-12 15:16:03', '2025-03-18 18:26:49');

DROP TABLE IF EXISTS `chat_messages`;
CREATE TABLE `chat_messages` (
  `id` int NOT NULL AUTO_INCREMENT,
  `user_id` int DEFAULT NULL,
  `content` text NOT NULL,
  `is_user` tinyint(1) DEFAULT NULL,
  `emotion` varchar(50) DEFAULT NULL,
  `emotion_score` float DEFAULT NULL,
  `persona` varchar(50) DEFAULT NULL,
  `timestamp` datetime DEFAULT NULL,
  `session_id` int DEFAULT NULL,
  PRIMARY KEY (`id`),
  KEY `user_id` (`user_id`),
  KEY `session_id` (`session_id`),
  CONSTRAINT `chat_messages_ibfk_1` FOREIGN KEY (`user_id`) REFERENCES `users` (`id`),
  CONSTRAINT `chat_messages_ibfk_2` FOREIGN KEY (`session_id`) REFERENCES `chat_sessions` (`id`)
) ENGINE=InnoDB AUTO_INCREMENT=157 DEFAULT CHARSET=utf8mb4 COLLATE=utf8mb4_0900_ai_ci;

INSERT INTO `chat_messages` (`id`, `user_id`, `content`, `is_user`, `emotion`, `emotion_score`, `persona`, `timestamp`, `session_id`) VALUES
(135, 7, '今天心情还不错', 1, '平静', 60.0, 'empathetic', '2025-03-17 01:48:34', 13),
(136, 7, '很高兴听到你今天心情还不错！生活中的哪些事情让你感到愉快？是工作上的进展，还是和朋友家人的美好时光呢？', 0, '平静', 60.0, 'empathetic', '2025-03-17 01:48:36', 13),
(137, 7, '天气很好', 1, '平静', 60.0, 'empathetic', '2025-03-17 01:49:28', 13),
(138, 7, '天气好确实能让人心情愉悦。阳光明媚的日子，总是让人感到充满希望和活力。你有没有趁着好天气出去走走，享受一下大自然的美好呢？', 0, '平静', 60.0, 'empathetic', '2025-03-17 01:49:30', 13),
(141, 7, '今天受到了陌生人的帮助，心情很不错', 1, '平静', 60.0, 'empathetic', '2025-03-18 07:34:59', 24),
(142, 7, '这真是太美好了！生活中那些小小的善举，常常能给我们带来大大的温暖。你能和我分享一下这个陌生人是怎么帮助你的吗？', 0, '平静', 60.0, 'empathetic', '2025-03-18 07:35:01', 24),
(143, 7, '出门的时候，电梯刚好到了，我走的很慢想等下一趟，但是电梯里的人还是等我慢慢走过去才关门', 1, '平静', 60.0, 'empathetic', '2025-03-18 07:36:59', 24),
(144, 7, '这真是一件很温暖的事情。有时候，陌生人的善意会让我们一整天都心情愉快。你感受到这种小小的善意了吗？', 0, '平静', 60.0, 'empathetic', '2025-03-18 07:37:01', 24),
(145, 7, '是的，这让我的心情很不错', 1, '平静', 60.0, 'empathetic', '2025-03-18 07:37:25', 24),
(146, 7, '这真是太好了！生活中的这些小确幸真的能让我们感到无比幸福。你有没有其他想分享的事情呢？无论是开心的还是让你有点担心的，都可以告诉我哦。', 0, '平静', 60.0, 'empathetic', '2025-03-18 07:37:27', 24),
(153, 7, '今天生病了，身体不舒服，心情不太好', 1, '平静', 25.0, 'empathetic', '2025-03-18 08:36:20', 27),
(154, 7, '听到你生病了，我真的很心疼。身体不舒服确实会影响心情，这是很正常的反应。你现在感觉怎么样？有没有发烧或其他严重的症状？如果你愿意，可以和我说说，或许能稍微缓解一下你的不适感。', 0, '平静', 25.0, 'empathetic', '2025-03-18 08:36:23', 27),
(155, 7, '长了个疮，坐着的时候疼，买了红霉素软膏，稍微好点了', 1, '平静', 25.0, 'empathetic', '2025-03-18 08:43:16', 27),
(156, 7, '听到你长了疮，坐着的时候会感到疼痛，真的很难受。不过你已经采取了积极的措施，买了红霉素软膏，并且情况有所好转，这真是个好消息。

红霉素软膏是一种常用的抗生素药膏，可以帮助减轻炎症和感染。不过，除了药物治疗，还有一些其他方法可以帮助你缓解不适：

1. **保持清洁**：每天用温水和温和的肥皂清洗患处，保持干燥。
2. **避免摩擦**：尽量穿宽松、柔软的衣物，减少对疮口的摩擦。
3. **休息**：多休息，有助于身体更快地恢复。
4. **饮食调理**：多喝水，吃一些富含维生素C的食物，增强免疫力。

如果你发现症状没有改善或者变得更严重，建议你及时去看医生，确保没有其他潜在的问题。

你现在感觉怎么样？还有什么我可以帮你的吗？', 0, '平静', 25.0, 'empathetic', '2025-03-18 08:43:22', 27);

DROP TABLE IF EXISTS `chat_sessions`;
CREATE TABLE `chat_sessions` (
  `id` int NOT NULL AUTO_INCREMENT,
  `user_id` int DEFAULT NULL,
  `title` varchar(255) DEFAULT NULL,
  `created_at` datetime DEFAULT NULL,
  `updated_at` datetime DEFAULT NULL,
  `last_emotion` varchar(50) DEFAULT NULL,
  `last_persona` varchar(50) DEFAULT NULL,
  `recommended_product_id` int DEFAULT NULL,
  PRIMARY KEY (`id`),
  KEY `user_id` (`user_id`),
  CONSTRAINT `chat_sessions_ibfk_1` FOREIGN KEY (`user_id`) REFERENCES `users` (`id`)
) ENGINE=InnoDB AUTO_INCREMENT=28 DEFAULT CHARSET=utf8mb4 COLLATE=utf8mb4_0900_ai_ci;

INSERT INTO `chat_sessions` (`id`, `user_id`, `title`, `created_at`, `updated_at`, `last_emotion`, `last_persona`, `recommended_product_id`) VALUES
(13, 7, '今天心情还不错', '2025-03-17 01:48:34', '2025-03-17 01:49:30', '平静', 'empathetic', NULL),
(24, 7, '今天受到了陌生人的帮助，心情很不错', '2025-03-18 07:34:06', '2025-03-18 07:37:27', '平静', 'empathetic', NULL),
(27, 7, '新对话', '2025-03-18 08:36:17', '2025-03-18 08:36:17', '平静', 'empathetic', NULL);

DROP TABLE IF EXISTS `emotion_records`;
CREATE TABLE `emotion_records` (
  `id` int NOT NULL AUTO_INCREMENT,
  `user_id` int DEFAULT NULL,
  `emotion` varchar(50) NOT NULL,
  `score` float NOT NULL,
  `timestamp` datetime DEFAULT NULL,
  PRIMARY KEY (`id`),
  KEY `user_id` (`user_id`),
  CONSTRAINT `emotion_records_ibfk_1` FOREIGN KEY (`user_id`) REFERENCES `users` (`id`)
) ENGINE=InnoDB AUTO_INCREMENT=81 DEFAULT CHARSET=utf8mb4 COLLATE=utf8mb4_0900_ai_ci;

INSERT INTO `emotion_records` (`id`, `user_id`, `emotion`, `score`, `timestamp`) VALUES
(59, 7, '焦虑', 45.0, '2025-03-14 03:14:19'),
(60, 7, '平静', 60.0, '2025-03-14 03:14:36'),
(61, 7, '平静', 60.0, '2025-03-14 03:15:00'),
(62, 7, '平静', 60.0, '2025-03-14 03:16:10'),
(63, 2, '平静', 60.0, '2025-03-14 03:17:01'),
(64, 2, '平静', 60.0, '2025-03-14 03:17:24'),
(65, 7, '平静', 60.0, '2025-03-14 08:45:55'),
(66, 7, '平静', 60.0, '2025-03-14 11:48:05'),
(67, 7, '平静', 60.0, '2025-03-15 10:26:50'),
(68, 7, '平静', 60.0, '2025-03-15 10:27:30'),
(69, 7, '平静', 60.0, '2025-03-15 10:28:00'),
(70, 7, '平静', 60.0, '2025-03-17 01:48:34'),
(71, 7, '平静', 60.0, '2025-03-17 01:49:28'),
(72, 7, '平静', 60.0, '2025-03-17 09:56:56'),
(73, 7, '平静', 60.0, '2025-03-18 07:34:59'),
(74, 7, '平静', 60.0, '2025-03-18 07:36:59'),
(75, 7, '平静', 60.0, '2025-03-18 07:37:25'),
(76, 7, '平静', 25.0, '2025-03-18 07:48:28'),
(77, 7, '平静', 25.0, '2025-03-18 07:50:32'),
(78, 7, '平静', 25.0, '2025-03-18 08:31:42'),
(79, 7, '平静', 25.0, '2025-03-18 08:36:20'),
(80, 7, '平静', 25.0, '2025-03-18 08:43:16');

DROP TABLE IF EXISTS `product_emotions`;
CREATE TABLE `product_emotions` (
  `product_id` int NOT NULL,
  `emotion` varchar(20) NOT NULL,
  PRIMARY KEY (`product_id`,`emotion`),
  CONSTRAINT `product_emotions_ibfk_1` FOREIGN KEY (`product_id`) REFERENCES `aroma_products` (`id`)
) ENGINE=InnoDB DEFAULT CHARSET=utf8mb4 COLLATE=utf8mb4_0900_ai_ci;

INSERT INTO `product_emotions` (`product_id`, `emotion`) VALUES
(6, '提神'),
(7, '提神'),
(7, '放松'),
(8, '愉悦'),
(9, '放松'),
(9, '温暖'),
(10, '安抚'),
(10, '放松'),
(11, '抑郁'),
(11, '焦虑'),
(17, '提神'),
(17, '温暖'),
(18, '快乐'),
(18, '温暖'),
(19, '提神'),
(19, '温暖'),
(22, '温暖'),
(23, '温暖'),
(24, '温暖'),
(25, '温暖'),
(26, '安抚'),
(26, '温暖'),
(27, '温暖'),
(28, '温暖'),
(29, '平静'),
(30, '平静'),
(31, '平静'),
(32, '提神'),
(33, '提神'),
(34, '平静'),
(35, '放松'),
(36, '提神'),
(37, '温暖'),
(38, '提神'),
(38, '温暖'),
(38, '焦虑'),
(39, '温暖'),
(40, '温暖'),
(41, '温暖'),
(42, '温暖'),
(43, '温暖'),
(44, '温暖'),
(45, '温暖'),
(46, '温暖'),
(47, '提神'),
(47, '温暖'),
(48, '温暖');

DROP TABLE IF EXISTS `token_usages`;
CREATE TABLE `token_usages` (
  `id` int NOT NULL AUTO_INCREMENT,
  `user_id` int DEFAULT NULL,
  `date` date NOT NULL,
  `tokens_used` int DEFAULT NULL,
  `created_at` datetime DEFAULT NULL,
  PRIMARY KEY (`id`),
  UNIQUE KEY `unique_user_date` (`user_id`,`date`),
  CONSTRAINT `token_usages_ibfk_1` FOREIGN KEY (`user_id`) REFERENCES `users` (`id`)
) ENGINE=InnoDB AUTO_INCREMENT=32 DEFAULT CHARSET=utf8mb4 COLLATE=utf8mb4_0900_ai_ci;

INSERT INTO `token_usages` (`id`, `user_id`, `date`, `tokens_used`, `created_at`) VALUES
(1, 1, '2025-03-18', 1000, '2025-03-18 06:55:07'),
(2, 1, '2025-03-17', 1100, '2025-03-18 06:55:07'),
(3, 1, '2025-03-16', 1200, '2025-03-18 06:55:07'),
(4, 1, '2025-03-15', 1300, '2025-03-18 06:55:07'),
(5, 1, '2025-03-14', 1400, '2025-03-18 06:55:07'),
(6, 1, '2025-03-13', 1500, '2025-03-18 06:55:07'),
(7, 1, '2025-03-12', 1600, '2025-03-18 06:55:07'),
(8, 1, '2025-03-11', 1700, '2025-03-18 06:55:07'),
(9, 1, '2025-03-10', 1800, '2025-03-18 06:55:07'),
(10, 1, '2025-03-09', 1900, '2025-03-18 06:55:07'),
(11, 1, '2025-03-08', 2000, '2025-03-18 06:55:07'),
(12, 1, '2025-03-07', 2100, '2025-03-18 06:55:07'),
(13, 1, '2025-03-06', 2200, '2025-03-18 06:55:07'),
(14, 1, '2025-03-05', 2300, '2025-03-18 06:55:07'),
(15, 1, '2025-03-04', 2400, '2025-03-18 06:55:07'),
(16, 1, '2025-03-03', 2500, '2025-03-18 06:55:07'),
(17, 1, '2025-03-02', 2600, '2025-03-18 06:55:07'),
(18, 1, '2025-03-01', 2700, '2025-03-18 06:55:07'),
(19, 1, '2025-02-28', 2800, '2025-03-18 06:55:07'),
(20, 1, '2025-02-27', 2900, '2025-03-18 06:55:07'),
(21, 1, '2025-02-26', 3000, '2025-03-18 06:55:07'),
(22, 1, '2025-02-25', 3100, '2025-03-18 06:55:07'),
(23, 1, '2025-02-24', 3200, '2025-03-18 06:55:07'),
(24, 1, '2025-02-23', 3300, '2025-03-18 06:55:07'),
(25, 1, '2025-02-22', 3400, '2025-03-18 06:55:07'),
(26, 1, '2025-02-21', 3500, '2025-03-18 06:55:07'),
(27, 1, '2025-02-20', 3600, '2025-03-18 06:55:07'),
(28, 1, '2025-02-19', 3700, '2025-03-18 06:55:07'),
(29, 1, '2025-02-18', 3800, '2025-03-18 06:55:07'),
(30, 1, '2025-02-17', 3900, '2025-03-18 06:55:07'),
(31, 7, '2025-03-18', 3077, '2025-03-18 07:35:01');

DROP TABLE IF EXISTS `users`;
CREATE TABLE `users` (
  `id` int NOT NULL AUTO_INCREMENT,
  `username` varchar(64) DEFAULT NULL,
  `email` varchar(120) DEFAULT NULL,
  `password_hash` varchar(256) DEFAULT NULL,
  `avatar` varchar(200) DEFAULT NULL,
  `created_at` datetime DEFAULT NULL,
  `last_login` datetime DEFAULT NULL,
  `is_active` tinyint(1) DEFAULT NULL,
  `is_confirmed` tinyint(1) DEFAULT NULL,
  `emotion_preferences` varchar(200) DEFAULT NULL,
  `aroma_preferences` varchar(200) DEFAULT NULL,
  PRIMARY KEY (`id`),
  UNIQUE KEY `ix_users_email` (`email`),
  UNIQUE KEY `ix_users_username` (`username`)
) ENGINE=InnoDB AUTO_INCREMENT=8 DEFAULT CHARSET=utf8mb4 COLLATE=utf8mb4_0900_ai_ci;

INSERT INTO `users` (`id`, `username`, `email`, `password_hash`, `avatar`, `created_at`, `last_login`, `is_active`, `is_confirmed`, `emotion_preferences`, `aroma_preferences`) VALUES
(1, 'admin', 'admin@example.com', 'pbkdf2:sha256:260000$wNLF0johCD59mnGv$fcb9d4e57b56821067b1136a89e744bbec645b32b2f7ea0aad3960908008bf0e', 'default_avatar.jpg', '2025-03-07 06:53:09', '2025-03-14 09:59:01', 1, 1, '[]', '{"scents": [], "types": [], "concerns": [], "preferences_collected": false}'),
(2, 'test', 'test@example.com', 'pbkdf2:sha256:260000$bjzHsDYNljsXaIr2$77e374c8566dea39575665b81a67949558806c7597f76adb25f6103c9a9d6a57', 'default_avatar.jpg', '2025-03-07 06:53:09', '2025-03-14 11:16:47', 1, 1, '["\\u7126\\u8651", "\\u5931\\u7720"]', '{"scents": [], "types": [], "concerns": [], "preferences_collected": false}'),
(7, 'miyou', '2540701905@qq.com', 'pbkdf2:sha256:600000$J4jdmrqhCU706YL8$bf4581215f1eca21263e0e53ef8c812968e8f304d7b201140e104a435ee522f2', 'default_avatar.jpg', '2025-03-14 03:13:17', '2025-03-18 18:14:15', 1, 0, '[]', '[]');

SET FOREIGN_KEY_CHECKS = 1;
